{
    "certificateAuthorities": {
        "Org1CA": {
            "caName": "ca",
            "url": "http://localhost:17130"
        }
    },
    "client": {
        "connection": {
            "timeout": {
                "orderer": "300",
                "peer": {
                    "endorser": "300"
                }
            }
        },
        "organization": "Org1MSP"
    },
    "name": "Org1",
    "organizations": {
        "Org1MSP": {
            "certificateAuthorities": [
                "Org1CA"
            ],
            "mspid": "Org1MSP",
            "peers": [
                "Org1Peer1"
            ]
        }
    },
    "peers": {
        "Org1Peer1": {
            "url": "grpc://localhost:17131"
        }
    },
    "version": "1.0.0"
}